S.NO,PX 5M Orchard,PX Loader,Horst,Mandar Phatak,PX RTM,PX 5M,Devdutt Parandkar,Ruchira Dutta
1,APY77501,APY79601,APY77931,,APY72301,,,
2,APY77502,APY79602,APY77949,,APY72302,,,
3,APY77503,APY79603,APY77950,,APY72303,,,
4,APY77504,APY79604,APY77951,,APY72304,,,
5,APY77505,APY79605,APY77952,,APY72305,,,
6,APY77506,APY79606,APY77953,,APY72306,,,
7,APY77507,APY79607,APY77959,,APY72307,,,
8,APY77508,APY79608,APY77960,,APY72308,,,
9,APY77509,APY79609,APY77961,,APY72309,,,
10,APY77510,APY79610,APY77940,,APY72310,,,
11,APY77511,APY79611,APY77941,,APY72311,,,
12,APY77512,APY79612,APY77942,,APY72312,,,
13,APY77513,APY79613,APY77943,,APY72313,,,
14,APY77514,APY79614,APY77946,,APY72314,,,
15,APY77515,APY79615,APY77947,,APY72315,,,
16,APY77516,APY79616,APY77972,,APY72316,,,
17,APY77517,APY79617,APY77948,,APY72317,,,
18,APY77518,APY79618,APY77954,,APY72318,,,
19,APY77519,APY79619,APY77955,,APY72319,,,
20,APY77520,APY79620,APY77956,,APY72320,,,
21,APY77521,APY79621,APY77973,,APY72321,,,
22,APY77522,APY79622,,,APY72322,,,
23,APY77523,APY79623,,,APY72323,,,
24,APY77524,APY79624,,,APY72324,,,
25,APY77525,APY79625,,,APY72325,,,
26,APY77526,APY79626,,,APY72326,,,
27,APY77527,APY79627,,,APY72327,,,
28,APY77528,APY79628,,,APY72328,,,
29,APY77529,APY79629,,,APY72329,,,
30,APY77530,APY79630,,,APY72330,,,
31,APY77531,APY79631,,,APY72331,,,
32,APY77532,APY79632,,,APY72332,,,
33,APY77533,APY79633,,,APY72333,,,
34,APY77534,APY79634,,,APY72334,,,
35,APY77535,APY79635,,,APY72335,,,
36,APY77536,APY79636,,,APY72336,,,
37,APY77537,APY79637,,,APY72337,,,
38,APY77538,APY79638,,,APY72338,,,
39,APY77539,,,,APY72339,,,
40,APY77540,,,,APY72340,,,
41,APY77541,,,,APY72341,,,
42,APY77542,,,,APY72342,,,
43,APY77543,,,,APY72343,,,
44,APY77544,,,,APY72344,,,
45,APY77545,,,,APY72345,,,
46,APY77546,,,,APY72346,,,
47,APY77547,,,,APY72347,,,
48,APY77548,,,,APY72348,,,
49,APY77549,,,,APY72349,,,
50,APY77550,,,,APY72350,,,
51,APY77551,,,,APY72351,,,
52,APY77552,,,,APY72352,,,
53,APY77553,,,,APY72353,,,
54,APY77554,,,,APY72354,,,
55,APY77555,,,,APY72355,,,
56,APY77556,,,,APY72356,,,
57,APY77557,,,,APY72357,,,
58,APY77558,,,,APY72358,,,
59,APY77559,,,,APY72359,,,
60,APY77560,,,,APY72360,,,
61,APY77561,,,,APY72361,,,
62,APY77562,,,,APY72362,,,
63,APY77563,,,,APY72363,,,
64,APY77564,,,,APY72364,,,
65,APY77565,,,,APY72365,,,
66,APY77566,,,,APY72366,,,
67,APY77567,,,,APY72367,,,
68,APY77568,,,,APY72368,,,
69,APY77569,,,,APY72369,,,
70,APY77570,,,,APY72370,,,
71,APY77571,,,,APY72371,,,
72,APY77572,,,,APY72372,,,
73,APY77573,,,,APY72373,,,
74,APY77574,,,,APY72374,,,
75,APY77575,,,,APY72375,,,
76,APY77576,,,,APY72376,,,
77,APY77577,,,,APY72377,,,
78,APY77578,,,,APY72378,,,
79,APY77579,,,,APY72379,,,
80,APY77580,,,,APY72380,,,
81,APY77581,,,,APY72381,,,
82,APY77582,,,,APY72382,,,
83,APY77583,,,,APY72383,,,
84,APY77584,,,,APY72384,,,
85,APY77585,,,,APY72385,,,
86,APY77586,,,,APY72386,,,
87,APY77587,,,,APY72387,,,
88,APY77588,,,,APY72388,,,
89,APY77589,,,,APY72389,,,
90,APY77590,,,,APY72390,,,
91,APY77591,,,,APY72391,,,
92,APY77592,,,,APY72392,,,
93,APY77593,,,,APY72393,,,
94,APY77594,,,,APY72394,,,
95,APY77595,,,,APY72395,,,
96,APY77596,,,,APY72396,,,
97,APY77597,,,,APY72397,,,
98,APY77598,,,,APY72398,,,
99,APY77599,,,,APY72399,,,
100,APY77600,,,,APY72400,,,
101,APY80801,,,,APY72401,,,
102,APY80802,,,,APY72402,,,
103,APY80803,,,,APY72403,,,
104,APY80804,,,,APY72404,,,
105,APY80805,,,,APY72405,,,
106,APY80806,,,,APY72406,,,
107,APY80807,,,,APY72407,,,
108,APY80808,,,,APY72408,,,
109,APY80809,,,,APY72409,,,
110,APY80810,,,,APY72410,,,
111,APY80811,,,,APY72411,,,
112,APY80812,,,,APY72412,,,
113,APY80813,,,,APY72413,,,
114,APY80814,,,,APY72414,,,
115,APY80815,,,,APY72415,,,
116,APY80816,,,,APY72416,,,
117,APY80817,,,,APY72417,,,
118,APY80818,,,,APY72418,,,
119,APY80819,,,,APY72419,,,
120,APY80820,,,,APY72420,,,
121,APY80821,,,,APY72421,,,
122,APY80822,,,,APY72422,,,
123,APY80823,,,,APY72423,,,
124,APY80824,,,,APY72424,,,
125,APY80825,,,,APY72425,,,
126,APY80826,,,,APY72426,,,
127,APY80827,,,,APY72427,,,
128,APY80828,,,,APY72428,,,
129,APY80829,,,,APY72429,,,
130,APY80830,,,,APY72430,,,
131,APY80831,,,,APY72431,,,
132,APY80832,,,,APY72432,,,
133,APY80833,,,,APY72433,,,
134,APY80834,,,,APY72434,,,
135,APY80835,,,,APY72435,,,
136,APY80836,,,,APY72436,,,
137,APY80837,,,,APY72437,,,
138,APY80838,,,,APY72438,,,
139,APY80839,,,,APY72439,,,
140,APY80840,,,,APY72440,,,
141,APY80841,,,,APY72441,,,
142,APY80842,,,,APY72442,,,
143,APY80843,,,,APY72443,,,
144,APY80844,,,,APY72444,,,
145,APY80845,,,,APY72445,,,
146,APY80846,,,,APY72446,,,
147,APY80847,,,,APY72447,,,
148,APY80848,,,,APY72448,,,
149,APY80849,,,,APY72449,,,
150,APY80850,,,,APY72450,,,
151,APY80851,,,,APY72451,,,
152,APY80852,,,,APY72452,,,
153,APY80853,,,,APY72453,,,
154,APY80854,,,,APY72454,,,
155,APY80855,,,,APY72455,,,
156,APY80856,,,,APY72456,,,
157,APY80857,,,,APY72457,,,
158,APY80858,,,,APY72458,,,
159,APY80859,,,,APY72459,,,
160,APY80860,,,,APY72460,,,
161,APY80861,,,,APY72461,,,
162,APY80862,,,,APY72462,,,
163,APY80863,,,,APY72463,,,
164,APY80864,,,,APY72464,,,
165,APY80865,,,,APY72465,,,
166,APY80866,,,,APY72466,,,
167,APY80867,,,,APY72467,,,
168,APY80868,,,,APY72468,,,
169,APY80869,,,,APY72469,,,
170,APY80870,,,,APY72470,,,
171,APY80871,,,,APY72471,,,
172,APY80872,,,,APY72472,,,
173,APY80873,,,,APY72473,,,
174,APY80874,,,,APY72474,,,
175,APY80875,,,,APY72475,,,
176,APY80876,,,,APY72476,,,
177,APY80877,,,,APY72477,,,
178,APY80878,,,,APY72478,,,
179,APY80879,,,,APY72479,,,
180,APY80880,,,,APY72480,,,
181,APY80881,,,,APY72481,,,
182,APY80882,,,,APY72482,,,
183,APY80883,,,,APY72483,,,
184,APY80884,,,,APY72484,,,
185,APY80885,,,,APY72485,,,
186,APY80886,,,,APY72486,,,
187,APY80887,,,,APY72487,,,
188,APY80888,,,,APY72488,,,
189,APY80889,,,,APY72489,,,
190,APY80890,,,,APY72490,,,
191,APY80891,,,,APY72491,,,
192,APY80892,,,,APY72492,,,
193,APY80893,,,,APY72493,,,
194,APY80894,,,,APY72494,,,
195,APY80895,,,,APY72495,,,
196,APY80896,,,,APY74901,,,
197,APY80897,,,,APY74902,,,
198,APY80898,,,,APY74903,,,
199,APY80899,,,,APY74904,,,
200,APY80900,,,,APY74905,,,
201,APY76701,,,,APY74906,,,
202,APY76702,,,,APY74907,,,
203,APY76703,,,,APY74908,,,
204,APY76704,,,,APY74909,,,
205,APY76705,,,,APY74910,,,
206,APY76706,,,,APY74911,,,
207,APY76707,,,,APY74912,,,
208,APY76708,,,,APY74913,,,
209,APY76709,,,,APY74914,,,
210,APY76710,,,,APY74915,,,
211,APY76711,,,,APY74916,,,
212,APY76712,,,,APY74917,,,
213,APY76713,,,,APY74918,,,
214,APY76714,,,,APY74919,,,
215,APY76715,,,,APY74920,,,
216,APY76716,,,,APY74921,,,
217,APY76717,,,,APY74922,,,
218,APY76718,,,,APY74923,,,
219,APY76719,,,,APY74924,,,
220,APY76720,,,,APY74925,,,
221,APY76721,,,,APY74926,,,
222,APY76722,,,,APY74927,,,
223,APY76723,,,,APY74928,,,
224,APY76724,,,,APY74929,,,
225,APY76725,,,,APY74930,,,
226,APY76726,,,,APY74931,,,
227,APY76727,,,,APY74932,,,
228,APY76728,,,,APY74933,,,
229,APY76729,,,,APY74934,,,
230,APY76730,,,,APY74935,,,
231,APY76731,,,,APY74936,,,
232,APY76732,,,,APY74937,,,
233,APY76733,,,,APY74938,,,
234,APY76734,,,,APY74939,,,
235,APY76735,,,,APY74940,,,
236,APY76736,,,,APY74941,,,
237,APY76737,,,,APY74942,,,
238,APY76738,,,,APY74943,,,
239,APY76739,,,,APY74944,,,
240,APY76740,,,,APY74945,,,
241,APY76741,,,,APY74946,,,
242,APY76742,,,,APY74947,,,
243,APY76743,,,,APY74948,,,
244,APY76744,,,,APY74949,,,
245,APY76745,,,,APY74950,,,
246,APY76746,,,,APY74951,,,
247,APY76747,,,,APY74952,,,
248,APY76748,,,,APY74953,,,
249,APY76749,,,,APY74954,,,
250,APY76750,,,,APY74955,,,
251,APY76751,,,,APY74956,,,
252,APY76752,,,,APY74957,,,
253,APY76753,,,,APY74958,,,
254,APY76754,,,,APY74959,,,
255,APY76755,,,,APY74960,,,
256,APY76756,,,,APY74961,,,
257,APY76757,,,,APY74962,,,
258,APY76758,,,,APY74963,,,
259,APY76759,,,,APY74964,,,
260,APY76760,,,,APY74965,,,
261,APY76761,,,,APY74966,,,
262,APY76762,,,,APY74967,,,
263,APY76763,,,,APY74968,,,
264,APY76764,,,,APY74969,,,
265,APY76765,,,,APY74970,,,
266,APY76766,,,,APY74971,,,
267,APY76767,,,,APY74972,,,
268,APY76768,,,,APY74973,,,
269,APY76769,,,,APY74974,,,
270,APY76770,,,,APY74975,,,
271,APY76771,,,,APY74976,,,
272,APY76772,,,,APY74977,,,
273,APY76773,,,,APY74978,,,
274,APY76774,,,,APY74979,,,
275,APY76775,,,,APY74980,,,
276,APY76776,,,,APY74981,,,
277,APY76777,,,,APY74982,,,
278,APY76778,,,,APY74983,,,
279,APY76779,,,,APY74984,,,
280,APY76780,,,,APY74985,,,
281,APY76781,,,,APY74986,,,
282,APY76782,,,,APY74987,,,
283,APY76783,,,,APY74988,,,
284,APY76784,,,,APY74989,,,
285,APY76785,,,,APY74990,,,
286,APY76786,,,,APY74991,,,
287,APY76787,,,,APY74992,,,
288,APY76788,,,,APY74993,,,
289,APY76789,,,,APY74994,,,
290,APY76790,,,,APY74995,,,
291,APY76791,,,,APY74996,,,
292,APY76792,,,,APY74997,,,
293,APY76793,,,,APY74998,,,
294,APY76794,,,,APY74999,,,
295,APY76795,,,,APY75000,,,
296,APY76796,,,,APY75001,,,
297,APY76797,,,,APY75002,,,
298,APY76798,,,,APY75003,,,
299,APY76799,,,,APY75004,,,
300,APY76800,,,,APY75005,,,
301,APY77601,,,,APY75006,,,
302,APY77602,,,,APY75007,,,
303,APY77603,,,,APY75008,,,
304,APY77604,,,,APY75009,,,
305,APY77605,,,,APY75010,,,
306,APY77606,,,,APY75011,,,
307,APY77607,,,,APY75012,,,
308,APY77608,,,,APY75013,,,
309,APY77609,,,,APY75014,,,
310,APY77610,,,,APY75015,,,
311,APY77611,,,,APY75016,,,
312,APY77612,,,,APY75017,,,
313,APY77613,,,,APY75018,,,
314,APY77614,,,,APY75019,,,
315,APY77615,,,,APY75020,,,
316,APY77616,,,,APY75021,,,
317,APY77617,,,,APY75022,,,
318,APY77618,,,,APY75023,,,
319,APY77619,,,,APY75024,,,
320,APY77620,,,,APY75025,,,
321,APY77621,,,,APY75026,,,
322,APY77622,,,,APY75027,,,
323,APY77623,,,,APY75028,,,
324,APY77624,,,,APY75029,,,
325,APY77625,,,,APY75030,,,
326,APY77626,,,,APY75031,,,
327,APY77627,,,,APY75032,,,
328,APY77628,,,,APY75033,,,
329,APY77629,,,,APY75034,,,
330,APY77630,,,,APY75035,,,
331,APY77631,,,,APY75036,,,
332,APY77632,,,,APY75037,,,
333,APY77633,,,,APY75038,,,
334,APY77634,,,,APY75039,,,
335,APY77635,,,,APY75040,,,
336,APY77636,,,,APY75041,,,
337,APY77637,,,,APY75042,,,
338,APY77638,,,,APY75043,,,
339,APY77639,,,,APY75044,,,
340,APY77640,,,,APY75045,,,
341,APY77641,,,,APY75046,,,
342,APY77642,,,,APY75047,,,
343,APY77643,,,,APY75048,,,
344,APY77644,,,,APY75049,,,
345,APY77645,,,,APY75050,,,
346,APY77646,,,,APY75051,,,
347,APY77647,,,,APY75052,,,
348,APY77648,,,,APY75053,,,
349,APY77649,,,,APY75054,,,
350,APY77650,,,,APY75055,,,
351,APY77651,,,,APY75056,,,
352,APY77652,,,,APY75057,,,
353,APY77653,,,,APY75058,,,
354,APY77654,,,,APY75059,,,
355,APY77655,,,,APY75060,,,
356,APY77656,,,,APY75061,,,
357,APY77657,,,,APY75062,,,
358,APY77658,,,,APY75063,,,
359,APY77659,,,,APY75064,,,
360,APY77660,,,,APY75065,,,
361,APY77661,,,,APY75066,,,
362,APY77662,,,,APY75067,,,
363,APY77663,,,,APY75068,,,
364,APY77664,,,,APY75069,,,
365,APY77665,,,,APY75070,,,
366,APY77666,,,,APY75071,,,
367,APY77667,,,,APY75072,,,
368,APY77668,,,,APY75073,,,
369,APY77669,,,,APY75074,,,
370,APY77670,,,,APY75075,,,
371,APY77671,,,,APY75076,,,
372,APY77672,,,,APY75077,,,
373,APY77673,,,,APY75078,,,
374,APY77674,,,,APY75079,,,
375,APY77675,,,,APY75080,,,
376,APY77676,,,,APY75081,,,
377,APY77677,,,,APY75082,,,
378,APY77678,,,,APY75083,,,
379,APY77679,,,,APY75084,,,
380,APY77680,,,,APY75085,,,
381,APY77681,,,,APY75086,,,
382,APY77682,,,,APY75087,,,
383,APY77683,,,,APY75088,,,
384,APY77684,,,,APY75089,,,
385,APY77685,,,,APY75090,,,
386,APY77686,,,,APY75091,,,
387,APY77687,,,,APY75092,,,
388,APY77688,,,,APY75093,,,
389,APY77689,,,,APY75094,,,
390,APY77690,,,,APY75095,,,
391,APY77691,,,,APY75096,,,
392,APY77692,,,,APY75097,,,
393,APY77693,,,,APY75098,,,
394,APY77694,,,,APY75099,,,
395,APY77695,,,,APY75100,,,
396,APY77696,,,,APY75101,,,
397,APY77697,,,,APY75102,,,
398,APY77698,,,,APY75103,,,
399,APY77699,,,,APY75104,,,
400,APY77700,,,,APY75105,,,
401,APY77701,,,,APY75106,,,
402,APY77702,,,,APY75107,,,
403,APY77703,,,,APY75108,,,
404,APY77704,,,,APY75109,,,
405,APY77705,,,,APY75110,,,
406,APY77706,,,,APY75111,,,
407,APY77707,,,,APY75112,,,
408,APY77708,,,,APY75113,,,
409,APY77709,,,,APY75114,,,
410,APY77710,,,,APY75115,,,
411,APY77711,,,,APY75116,,,
412,APY77712,,,,APY75117,,,
413,APY77713,,,,APY75118,,,
414,APY77714,,,,APY75119,,,
415,APY77715,,,,APY75120,,,
416,APY77716,,,,APY75121,,,
417,APY77717,,,,APY75122,,,
418,APY77718,,,,APY75123,,,
419,APY77719,,,,APY75124,,,
420,APY77720,,,,APY75125,,,
421,APY77721,,,,APY75126,,,
422,APY77722,,,,APY75127,,,
423,APY77723,,,,APY75128,,,
424,APY77724,,,,APY75129,,,
425,APY77725,,,,APY75130,,,
426,APY77726,,,,APY75131,,,
427,APY77727,,,,APY75132,,,
428,APY77728,,,,APY75133,,,
429,APY77729,,,,APY75134,,,
430,APY77730,,,,APY75135,,,
431,APY77731,,,,APY75136,,,
432,APY77732,,,,APY75137,,,
433,APY77733,,,,APY75138,,,
434,APY77734,,,,APY75139,,,
435,APY77735,,,,APY75140,,,
436,APY77736,,,,APY75141,,,
437,APY77737,,,,APY75142,,,
438,APY77738,,,,APY75143,,,
439,APY77739,,,,APY75144,,,
440,APY77740,,,,APY75145,,,
441,APY77741,,,,APY75146,,,
442,APY77742,,,,APY75147,,,
443,APY77743,,,,APY75148,,,
444,APY77744,,,,APY75149,,,
445,APY77745,,,,APY75150,,,
446,APY77746,,,,APY75151,,,
447,APY77747,,,,APY75152,,,
448,APY77748,,,,APY75153,,,
449,APY77749,,,,APY75154,,,
450,APY77750,,,,APY75155,,,
451,APY77751,,,,APY75156,,,
452,APY77752,,,,APY75157,,,
453,APY77753,,,,APY75158,,,
454,APY77754,,,,APY75159,,,
455,APY77755,,,,APY75160,,,
456,APY77756,,,,APY75161,,,
457,APY77757,,,,APY75162,,,
458,APY77758,,,,APY75163,,,
459,APY77759,,,,APY75164,,,
460,APY77760,,,,APY75165,,,
461,APY77761,,,,APY75166,,,
462,APY77762,,,,APY75167,,,
463,APY77763,,,,APY75168,,,
464,APY77764,,,,APY75169,,,
465,APY77765,,,,APY75170,,,
466,APY77766,,,,APY75171,,,
467,APY77767,,,,APY75172,,,
468,APY77768,,,,APY75173,,,
469,APY77769,,,,APY75174,,,
470,APY77770,,,,APY75175,,,
471,APY77771,,,,APY75176,,,
472,APY77772,,,,APY75177,,,
473,APY77773,,,,APY75178,,,
474,APY77774,,,,APY75179,,,
475,APY77775,,,,APY75180,,,
476,APY77776,,,,APY75181,,,
477,APY77777,,,,APY75182,,,
478,APY77778,,,,APY75183,,,
479,APY77779,,,,APY75184,,,
480,APY77780,,,,APY75185,,,
481,APY77781,,,,APY75186,,,
482,APY77782,,,,APY75187,,,
483,APY77783,,,,APY75188,,,
484,APY77784,,,,APY75189,,,
485,APY77785,,,,APY75190,,,
486,APY77786,,,,APY75191,,,
487,APY77787,,,,APY75192,,,
488,APY77788,,,,APY75193,,,
489,APY77789,,,,APY75194,,,
490,APY77790,,,,APY75195,,,
491,APY77791,,,,APY75196,,,
492,APY77792,,,,APY75197,,,
493,APY77793,,,,APY75198,,,
494,APY77794,,,,APY75199,,,
495,APY77795,,,,APY75200,,,
496,APY77796,,,,APY75201,,,
497,APY77797,,,,APY75202,,,
498,APY77798,,,,APY75203,,,
499,APY77799,,,,APY75204,,,
500,APY77800,,,,APY75205,,,
501,APY77801,,,,APY75206,,,
502,APY77802,,,,APY75207,,,
503,APY77803,,,,APY75208,,,
504,APY77804,,,,APY75209,,,
505,APY77805,,,,APY75210,,,
506,APY77806,,,,APY75211,,,
507,APY77807,,,,APY75212,,,
508,APY77808,,,,APY75213,,,
509,APY77809,,,,APY75214,,,
510,APY77810,,,,APY75215,,,
511,APY77811,,,,APY75216,,,
512,APY77812,,,,APY75217,,,
513,APY77813,,,,APY75218,,,
514,APY77814,,,,APY75219,,,
515,APY77815,,,,APY75220,,,
516,APY77816,,,,APY75221,,,
517,APY77817,,,,APY75222,,,
518,APY77818,,,,APY75223,,,
519,APY77819,,,,APY75224,,,
520,APY77820,,,,APY75225,,,
521,APY77821,,,,APY75226,,,
522,APY77822,,,,APY75227,,,
523,APY77823,,,,APY75228,,,
524,APY77824,,,,APY75229,,,
525,APY77825,,,,APY75230,,,
526,APY77826,,,,APY75231,,,
527,APY77827,,,,APY75232,,,
528,APY77828,,,,APY75233,,,
529,APY77829,,,,APY75234,,,
530,APY77830,,,,APY75235,,,
531,APY77831,,,,APY75236,,,
532,APY77832,,,,APY75237,,,
533,APY77833,,,,APY75238,,,
534,APY77834,,,,APY75239,,,
535,APY77835,,,,APY75240,,,
536,APY77836,,,,APY75241,,,
537,APY77837,,,,APY75242,,,
538,APY77838,,,,APY75243,,,
539,APY77839,,,,APY75244,,,
540,APY77840,,,,APY75245,,,
541,APY77841,,,,APY75246,,,
542,APY77842,,,,APY75247,,,
543,APY77843,,,,APY75248,,,
544,APY77844,,,,APY75249,,,
545,APY77845,,,,APY75250,,,
546,APY77846,,,,APY75251,,,
547,APY77847,,,,APY75252,,,
548,APY77848,,,,APY75253,,,
549,APY77849,,,,APY75254,,,
550,APY77850,,,,APY75255,,,
551,APY77851,,,,APY75256,,,
552,APY77852,,,,APY75257,,,
553,APY77853,,,,APY75258,,,
554,APY77854,,,,APY75259,,,
555,APY77855,,,,APY75260,,,
556,APY77856,,,,APY75261,,,
557,APY77857,,,,APY75262,,,
558,APY77858,,,,APY75263,,,
559,APY77859,,,,APY75264,,,
560,APY77860,,,,APY75265,,,
561,APY77861,,,,APY75266,,,
562,APY77862,,,,APY75267,,,
563,APY77863,,,,APY75268,,,
564,APY77864,,,,APY75269,,,
565,APY77865,,,,APY75270,,,
566,APY77866,,,,APY75271,,,
567,APY77867,,,,APY75272,,,
568,APY77868,,,,APY75273,,,
569,APY77869,,,,APY75274,,,
570,APY77870,,,,APY75275,,,
571,APY77871,,,,APY75276,,,
572,APY77872,,,,APY75277,,,
573,APY77873,,,,APY75278,,,
574,APY77874,,,,APY75279,,,
575,APY77875,,,,APY75280,,,
576,APY77876,,,,APY75281,,,
577,APY77877,,,,APY75282,,,
578,APY77878,,,,APY75283,,,
579,APY77879,,,,APY75284,,,
580,APY77880,,,,APY75285,,,
581,APY77881,,,,APY75286,,,
582,APY77882,,,,APY75287,,,
583,APY77883,,,,APY75288,,,
584,APY77884,,,,APY75289,,,
585,APY77885,,,,APY75290,,,
586,APY77886,,,,APY75291,,,
587,APY77887,,,,APY75292,,,
588,APY77888,,,,APY75293,,,
589,APY77889,,,,APY75294,,,
590,APY77890,,,,APY75295,,,
591,APY77891,,,,APY75296,,,
592,APY77892,,,,APY75297,,,
593,APY77893,,,,APY75298,,,
594,APY77894,,,,APY75299,,,
595,APY77895,,,,APY75300,,,
596,APY77896,,,,APY75301,,,
597,APY77897,,,,APY75302,,,
598,APY77898,,,,APY75303,,,
599,APY77899,,,,APY75304,,,
600,APY77900,,,,APY75305,,,
601,APY78101,,,,APY75306,,,
602,APY78102,,,,APY75307,,,
603,APY78103,,,,APY75308,,,
604,APY78104,,,,APY75309,,,
605,APY78105,,,,APY75310,,,
606,APY78106,,,,APY75311,,,
607,APY78107,,,,APY75312,,,
608,APY78108,,,,APY75313,,,
609,APY78109,,,,APY75314,,,
610,APY78110,,,,APY75315,,,
611,APY78111,,,,APY75316,,,
612,APY78112,,,,APY75317,,,
613,APY78113,,,,APY75318,,,
614,APY78114,,,,APY75319,,,
615,APY78115,,,,APY75320,,,
616,APY78116,,,,APY75321,,,
617,APY78117,,,,APY75322,,,
618,APY78118,,,,APY75323,,,
619,APY78119,,,,APY75324,,,
620,APY78120,,,,APY75325,,,
621,APY78121,,,,APY75326,,,
622,APY78122,,,,APY75327,,,
623,APY78123,,,,APY75328,,,
624,APY78124,,,,APY75329,,,
625,APY78125,,,,APY75330,,,
626,APY78126,,,,APY75331,,,
627,APY78127,,,,APY75332,,,
628,APY78128,,,,APY75333,,,
629,APY78129,,,,APY75334,,,
630,APY78130,,,,APY75335,,,
631,APY78131,,,,APY75336,,,
632,APY78132,,,,APY75337,,,
633,APY78133,,,,APY75338,,,
634,APY78134,,,,APY75339,,,
635,APY78135,,,,APY75340,,,
636,APY78136,,,,APY75341,,,
637,APY78137,,,,APY75342,,,
638,APY78138,,,,APY75343,,,
639,APY78139,,,,APY75344,,,
640,APY78140,,,,APY75345,,,
641,APY78141,,,,APY75346,,,
642,APY78142,,,,APY75347,,,
643,APY78143,,,,APY75348,,,
644,APY78144,,,,APY75349,,,
645,APY78145,,,,APY75350,,,
646,APY78146,,,,APY75351,,,
647,APY78147,,,,APY75352,,,
648,APY78148,,,,APY75353,,,
649,APY78149,,,,APY75354,,,
650,APY78150,,,,APY75355,,,
651,APY78151,,,,APY75356,,,
652,APY78152,,,,APY75357,,,
653,APY78153,,,,APY75358,,,
654,APY78154,,,,APY75359,,,
655,APY78155,,,,APY75360,,,
656,APY78156,,,,APY75361,,,
657,APY78157,,,,APY75362,,,
658,APY78158,,,,APY75363,,,
659,APY78159,,,,APY75364,,,
660,APY78160,,,,APY75365,,,
661,APY78161,,,,APY75366,,,
662,APY78162,,,,APY75367,,,
663,APY78163,,,,APY75368,,,
664,APY78164,,,,APY75369,,,
665,APY78165,,,,APY75370,,,
666,APY78166,,,,APY75371,,,
667,APY78167,,,,APY75372,,,
668,APY78168,,,,APY75373,,,
669,APY78169,,,,APY75374,,,
670,APY78170,,,,APY75375,,,
671,APY78171,,,,APY75376,,,
672,APY78172,,,,APY75377,,,
673,APY78173,,,,APY75378,,,
674,APY78174,,,,APY75379,,,
675,APY78175,,,,APY75380,,,
676,APY78176,,,,APY75381,,,
677,APY78177,,,,APY75382,,,
678,APY78178,,,,APY75383,,,
679,APY78179,,,,APY75384,,,
680,APY78180,,,,APY75385,,,
681,APY78181,,,,APY75386,,,
682,APY78182,,,,APY75387,,,
683,APY78183,,,,APY75388,,,
684,APY78184,,,,APY75389,,,
685,APY78185,,,,APY76416,,,
686,APY78186,,,,APY80901,,,
687,APY78187,,,,APY80902,,,
688,APY78188,,,,APY80903,,,
689,APY78189,,,,APY80904,,,
690,APY78190,,,,APY80905,,,
691,APY78191,,,,APY80906,,,
692,APY78192,,,,APY80907,,,
693,APY78193,,,,APY80908,,,
694,APY78194,,,,APY80909,,,
695,APY78195,,,,APY80910,,,
696,APY78196,,,,APY80911,,,
697,APY78197,,,,APY80912,,,
698,APY78198,,,,APY80913,,,
699,APY78199,,,,APY80914,,,
700,APY78200,,,,APY80915,,,
701,APY80601,,,,APY80916,,,
702,APY80602,,,,APY80917,,,
703,APY80603,,,,APY80918,,,
704,APY80604,,,,APY80919,,,
705,APY80605,,,,APY80920,,,
706,APY80606,,,,APY80921,,,
707,APY80607,,,,APY80922,,,
708,APY80608,,,,APY80923,,,
709,APY80609,,,,APY80924,,,
710,APY80610,,,,APY80925,,,
711,APY80611,,,,APY80926,,,
712,APY80612,,,,APY80927,,,
713,APY80613,,,,APY80928,,,
714,APY80614,,,,APY80929,,,
715,APY80615,,,,APY80930,,,
716,APY80616,,,,APY80931,,,
717,APY80617,,,,APY80932,,,
718,APY80618,,,,APY80933,,,
719,APY80619,,,,APY80934,,,
720,APY80620,,,,APY80935,,,
721,APY80621,,,,APY80936,,,
722,APY80622,,,,APY80937,,,
723,APY80623,,,,APY80938,,,
724,APY80624,,,,APY80939,,,
725,APY80625,,,,APY80940,,,
726,APY80626,,,,APY80941,,,
727,APY80627,,,,APY80942,,,
728,APY80628,,,,APY80943,,,
729,APY80629,,,,APY80944,,,
730,APY80630,,,,APY80945,,,
731,APY80631,,,,APY80946,,,
732,APY80632,,,,APY80947,,,
733,APY80633,,,,APY80948,,,
734,APY80634,,,,APY80949,,,
735,APY80635,,,,,,,
736,APY80636,,,,,,,
737,APY80637,,,,,,,
738,APY80638,,,,,,,
739,APY80639,,,,,,,
740,APY80640,,,,,,,
741,APY80641,,,,,,,
742,APY80642,,,,,,,
743,APY80643,,,,,,,
744,APY80644,,,,,,,
745,APY80645,,,,,,,
746,APY80646,,,,,,,
747,APY80647,,,,,,,
748,APY80648,,,,,,,
749,APY80649,,,,,,,
750,APY80650,,,,,,,
751,APY80651,,,,,,,
752,APY80652,,,,,,,
753,APY80653,,,,,,,
754,APY80654,,,,,,,
755,APY80655,,,,,,,
756,APY80656,,,,,,,
757,APY80657,,,,,,,
758,APY80658,,,,,,,
759,APY80659,,,,,,,
760,APY80660,,,,,,,
761,APY80661,,,,,,,
762,APY80662,,,,,,,
763,APY80663,,,,,,,
764,APY80664,,,,,,,
765,APY80665,,,,,,,
766,APY80666,,,,,,,
767,APY80667,,,,,,,
768,APY80668,,,,,,,
769,APY80669,,,,,,,
770,APY80670,,,,,,,
771,APY80671,,,,,,,
772,APY80672,,,,,,,
773,APY80673,,,,,,,
774,APY80674,,,,,,,
775,APY80675,,,,,,,
776,APY80676,,,,,,,
777,APY80677,,,,,,,
778,APY80678,,,,,,,
779,APY80679,,,,,,,
780,APY80680,,,,,,,
781,APY80681,,,,,,,
782,APY80682,,,,,,,
783,APY80683,,,,,,,
784,APY80684,,,,,,,
785,APY80685,,,,,,,
786,APY80686,,,,,,,
787,APY80687,,,,,,,
788,APY80688,,,,,,,
789,APY80689,,,,,,,
790,APY80690,,,,,,,
791,APY80691,,,,,,,
792,APY80692,,,,,,,
793,APY80693,,,,,,,
794,APY80694,,,,,,,
795,APY80695,,,,,,,
796,APY80696,,,,,,,
797,APY80697,,,,,,,
798,APY80698,,,,,,,
799,APY80699,,,,,,,
800,APY80700,,,,,,,
801,APY80701,,,,,,,
802,APY81401,,,,,,,
803,APY81402,,,,,,,
804,APY81403,,,,,,,
805,APY81404,,,,,,,
806,APY81405,,,,,,,
807,APY81406,,,,,,,
808,APY81407,,,,,,,
809,APY81408,,,,,,,
810,APY81409,,,,,,,
811,APY81410,,,,,,,
812,APY81411,,,,,,,
813,APY81412,,,,,,,
814,APY81413,,,,,,,
815,APY81414,,,,,,,
816,APY81415,,,,,,,
817,APY81416,,,,,,,
818,APY81417,,,,,,,
819,APY81418,,,,,,,
820,APY81419,,,,,,,
821,APY81420,,,,,,,
822,APY81421,,,,,,,
823,APY81422,,,,,,,
824,APY81423,,,,,,,
825,APY81424,,,,,,,
826,APY81425,,,,,,,
827,APY81426,,,,,,,
828,APY81427,,,,,,,
829,APY81428,,,,,,,
830,APY81429,,,,,,,
831,APY81430,,,,,,,
832,APY81431,,,,,,,
833,APY81432,,,,,,,
834,APY81433,,,,,,,
835,APY81434,,,,,,,
836,APY81435,,,,,,,
837,APY81436,,,,,,,
838,APY81437,,,,,,,
839,APY81438,,,,,,,
840,APY81439,,,,,,,
841,APY81440,,,,,,,
842,APY81441,,,,,,,
843,APY81442,,,,,,,
844,APY81443,,,,,,,
845,APY81444,,,,,,,
846,APY81445,,,,,,,
847,APY81446,,,,,,,
848,APY81447,,,,,,,
849,APY81448,,,,,,,
850,APY81449,,,,,,,
851,APY81450,,,,,,,
852,APY81451,,,,,,,
853,APY81452,,,,,,,
854,APY81453,,,,,,,
855,APY81454,,,,,,,
856,APY81455,,,,,,,
857,APY81456,,,,,,,
858,APY81457,,,,,,,
859,APY81458,,,,,,,
860,APY81459,,,,,,,
861,APY81460,,,,,,,
862,APY81461,,,,,,,
863,APY81462,,,,,,,
864,APY81463,,,,,,,
865,APY81464,,,,,,,
866,APY81465,,,,,,,
867,APY81466,,,,,,,
868,APY81467,,,,,,,
869,APY81468,,,,,,,
870,APY81469,,,,,,,
871,APY81470,,,,,,,
872,APY81471,,,,,,,
873,APY81472,,,,,,,
874,APY81473,,,,,,,
875,APY81474,,,,,,,
876,APY81475,,,,,,,
877,APY81476,,,,,,,
878,APY81477,,,,,,,
879,APY81478,,,,,,,
880,APY81479,,,,,,,
881,APY81480,,,,,,,
882,APY81481,,,,,,,
883,APY81482,,,,,,,
884,APY81483,,,,,,,
885,APY81484,,,,,,,
886,APY81485,,,,,,,
887,APY81486,,,,,,,
888,APY81487,,,,,,,
889,APY81488,,,,,,,
890,APY81489,,,,,,,
891,APY81490,,,,,,,
892,APY81491,,,,,,,
893,APY81492,,,,,,,
894,APY81493,,,,,,,
895,APY81494,,,,,,,
896,APY81495,,,,,,,
897,APY81496,,,,,,,
898,APY81497,,,,,,,
899,APY81498,,,,,,,
900,APY81499,,,,,,,
901,APY81500,,,,,,,
902,APY81501,,,,,,,
